"","x"
"1",9345540
"2",9111693
"3",8950899
"4",8839623
"5",8762268
"6",8708322
"7",8670618
"8",8644225
"9",8625729
"10",8612757
"11",8603654
"12",8597264
"13",8592777
"14",8589626
"15",8587413
"16",8585858
"17",8584766
"18",8583999
"19",8583460
"20",8583081
"21",8582815
"22",8582628
"23",8582497
"24",8582404
"25",8582339
"26",8582294
"27",8582262
"28",8582239
"29",8582224
"30",8582212
"31",8582205
"32",8582199
"33",8582195
"34",8582193
"35",8582191
"36",8582189
"37",8582188
"38",8582188
"39",8582187
"40",8582187
"41",8582187
"42",8582187
"43",8582187
"44",8582186
"45",8582186
"46",8582186
"47",8582186
"48",8582186
"49",8582186
"50",8582186
"51",8582186
"52",8582186
"53",8582186
"54",8582186
"55",8582186
"56",8582186
"57",8582186
"58",8582186
"59",8582186
"60",8582186
"61",8582186
"62",8582186
"63",8582186
"64",8582186
"65",8582186
"66",8582186
"67",8582186
"68",8582186
"69",8582186
"70",8582186
"71",8582186
"72",8582186
"73",8582186
"74",8582186
"75",8582186
"76",8582186
"77",8582186
"78",8582186
"79",8582186
"80",8582186
"81",8582186
"82",8582186
"83",8582186
"84",8582186
"85",8582186
"86",8582186
"87",8582186
"88",8582186
"89",8582186
"90",8582186
"91",8582186
"92",8582186
"93",8582186
"94",8582186
"95",8582186
"96",8582186
"97",8582186
"98",8582186
"99",8582186
"100",8582186
"101",8582186
"102",8582186
"103",8582186
"104",8582186
"105",8582186
"106",8582186
"107",8582186
"108",8582186
"109",8582186
"110",8582186
"111",8582186
"112",8582186
"113",8582186
"114",8582186
"115",8582186
"116",8582186
"117",8582186
"118",8582186
"119",8582186
"120",8582186
"121",8582186
"122",8582186
"123",8582186
"124",8582186
"125",8582186
"126",8582186
"127",8582186
"128",8582186
"129",8582186
"130",8582186
"131",8582186
"132",8582186
"133",8582186
"134",8582186
"135",8582186
"136",8582186
"137",8582186
"138",8582186
"139",8582186
"140",8582186
"141",8582186
"142",8582186
"143",8582186
"144",8582186
"145",8582186
"146",8582186
"147",8582186
"148",8582186
"149",8582186
"150",8582186
"151",8582186
"152",8582186
"153",8582186
"154",8582186
"155",8582186
"156",8582186
"157",8582186
"158",8582186
"159",8582186
"160",8582186
"161",8582186
"162",8582186
"163",8582186
"164",8582186
"165",8582186
"166",8582186
"167",8582186
"168",8582186
"169",8582186
"170",8582186
"171",8582186
"172",8582186
"173",8582186
"174",8582186
"175",8582186
"176",8582186
"177",8582186
"178",8582186
"179",8582186
"180",8582186
"181",8582186
"182",8582186
"183",8582186
"184",8582186
"185",8582186
"186",8582186
"187",8582186
"188",8582186
"189",8582186
"190",8582186
"191",8582186
"192",8582186
"193",8582186
"194",8582186
"195",8582186
"196",8582186
"197",8582186
"198",8582186
"199",8582186
"200",8582186
"201",8582186
"202",8582186
"203",8582186
"204",8582186
"205",8582186
"206",8582186
"207",8582186
"208",8582186
"209",8582186
"210",8582186
"211",8582186
"212",8582186
"213",8582186
"214",8582186
"215",8582186
"216",8582186
"217",8582186
"218",8582186
"219",8582186
"220",8582186
"221",8582186
"222",8582186
"223",8582186
"224",8582186
"225",8582186
"226",8582186
"227",8582186
"228",8582186
"229",8582186
"230",8582186
"231",8582186
"232",8582186
"233",8582186
"234",8582186
"235",8582186
"236",8582186
"237",8582186
"238",8582186
"239",8582186
"240",8582186
"241",8582186
"242",8582186
"243",8582186
"244",8582186
"245",8582186
"246",8582186
"247",8582186
"248",8582186
"249",8582186
"250",8582186
"251",8582186
"252",8582186
"253",8582186
"254",8582186
"255",8582186
"256",8582186
"257",8582186
"258",8582186
"259",8582186
"260",8582186
"261",8582186
"262",8582186
"263",8582186
"264",8582186
"265",8582186
"266",8582186
"267",8582186
"268",8582186
"269",8582186
"270",8582186
"271",8582186
"272",8582186
"273",8582186
"274",8582186
"275",8582186
"276",8582186
"277",8582186
"278",8582186
"279",8582186
"280",8582186
"281",8582186
"282",8582186
"283",8582186
"284",8582186
"285",8582186
"286",8582186
"287",8582186
"288",8582186
"289",8582186
"290",8582186
"291",8582186
"292",8582186
"293",8582186
"294",8582186
"295",8582186
"296",8582186
"297",8582186
"298",8582186
"299",8582186
"300",8582186
"301",8582186
"302",8582186
"303",8582186
"304",8582186
"305",8582186
"306",8582186
"307",8582186
"308",8582186
"309",8582186
"310",8582186
"311",8582186
"312",8582186
"313",8582186
"314",8582186
"315",8582186
"316",8582186
"317",8582186
"318",8582186
"319",8582186
"320",8582186
"321",8582186
"322",8582186
"323",8582186
"324",8582186
"325",8582186
"326",8582186
"327",8582186
"328",8582186
"329",8582186
"330",8582186
"331",8582186
"332",8582186
"333",8582186
"334",8582186
"335",8582186
"336",8582186
"337",8582186
"338",8582186
"339",8582186
"340",8582186
"341",8582186
"342",8582186
"343",8582186
"344",8582186
"345",8582186
"346",8582186
"347",8582186
"348",8582186
"349",8582186
"350",8582186
"351",8582186
"352",8582186
"353",8582186
"354",8582186
"355",8582186
"356",8582186
"357",8582186
"358",8582186
"359",8582186
"360",8582186
"361",8582186
"362",8582186
"363",8582186
"364",8582186
"365",8582186
